subreddit,hour_of_day,day_of_week_str,average_score
television,0,Wednesday,243.69258589511753
television,3,Friday,174.2452380952381
anime,20,Wednesday,22.687591240875914
anime,0,Saturday,46.98122065727699
anime,3,Monday,72.83072713057076
anime,6,Monday,33.139367816091955
television,5,Monday,206.81736526946108
television,9,Friday,253.1782945736434
television,16,Thursday,282.18665464382326
movies,9,Friday,83.85595238095237
movies,1,Thursday,106.02503477051461
anime,3,Thursday,74.6719936076708
anime,9,Tuesday,175.09882088714207
television,21,Saturday,218.06432748538012
anime,8,Saturday,85.56456456456456
anime,16,Saturday,237.45001649620588
movies,12,Monday,267.5448065173116
movies,1,Friday,128.71376811594203
anime,22,Wednesday,39.755630630630634
movies,8,Saturday,92.20946372239747
television,3,Monday,289.2551440329218
anime,19,Thursday,26.175964058405093
television,16,Saturday,373.91695501730106
anime,4,Monday,31.981505944517835
movies,7,Saturday,87.6626586506346
movies,21,Friday,178.3606617647059
television,4,Wednesday,184.29925187032418
anime,2,Thursday,36.340114993365766
movies,10,Sunday,105.16440777843253
anime,22,Friday,39.4750378214826
movies,19,Saturday,212.51069418386493
movies,9,Thursday,84.06944444444444
television,2,Saturday,274.2383177570093
movies,9,Sunday,54.75470552519733
movies,17,Tuesday,201.2854387656702
television,22,Friday,276.693522906793
television,22,Monday,241.58054226475278
television,11,Tuesday,409.2202380952381
television,21,Friday,274.3498622589532
television,18,Tuesday,327.280947255113
anime,4,Wednesday,37.53330271015159
movies,19,Friday,215.00843170320405
television,16,Sunday,438.25385934819894
television,14,Monday,625.676741130092
television,20,Sunday,279.79744136460556
movies,4,Tuesday,32.378172588832484
movies,13,Thursday,236.7207468879668
anime,9,Saturday,199.14651279478173
movies,15,Wednesday,268.6468984321745
anime,12,Monday,111.69393511988717
television,11,Wednesday,439.6186666666667
movies,2,Saturday,86.71844660194175
television,1,Friday,306.92105263157896
television,6,Monday,166.2556179775281
television,22,Saturday,348.1151631477927
movies,11,Sunday,109.78980169971672
movies,10,Wednesday,48.22438717787555
movies,17,Wednesday,115.23705901747445
movies,8,Wednesday,50.644951140065146
anime,17,Saturday,119.88640776699029
movies,22,Tuesday,148.5421032207994
anime,19,Friday,27.16297857393748
anime,10,Wednesday,53.38819026790596
movies,18,Thursday,210.45374015748033
television,2,Tuesday,243.27777777777777
anime,6,Sunday,56.14223930802499
television,0,Tuesday,342.41652323580035
television,17,Saturday,282.399416909621
television,1,Wednesday,287.47892720306515
anime,12,Wednesday,96.52224281742355
movies,4,Monday,65.75111773472429
movies,13,Tuesday,359.0860759493671
anime,1,Friday,66.39875776397515
movies,16,Sunday,178.19811320754718
anime,22,Saturday,23.77138749101366
television,10,Monday,170.53333333333333
anime,20,Sunday,99.46075433231397
movies,21,Sunday,84.95468277945619
anime,5,Tuesday,42.19205298013245
anime,18,Thursday,49.31814946619217
movies,5,Monday,38.318526543878654
movies,6,Saturday,77.58867924528302
movies,11,Saturday,134.91949152542372
anime,14,Friday,73.91186570011446
television,7,Monday,246.53214285714284
anime,6,Friday,58.21193092621664
anime,13,Friday,190.27532038032246
television,19,Monday,276.5716019417476
television,17,Friday,380.7372972972973
anime,20,Saturday,30.950795412504625
movies,8,Friday,83.49779179810726
movies,0,Friday,136.78537012702586
television,11,Sunday,383.1748251748252
movies,16,Saturday,168.14336775218428
television,21,Wednesday,356.9318181818182
movies,6,Wednesday,63.86642380085003
anime,11,Thursday,113.26552795031056
movies,15,Sunday,227.3919239904988
movies,15,Friday,231.7784131522516
anime,10,Thursday,87.45150684931507
movies,23,Monday,107.8207507380852
television,4,Friday,123.46965699208444
television,13,Sunday,402.79638009049773
anime,15,Saturday,147.38754325259515
television,3,Saturday,150.91939546599497
movies,15,Monday,159.91695030633085
movies,9,Tuesday,101.13658838071693
television,13,Wednesday,588.0746031746032
television,12,Wednesday,370.5571142284569
television,0,Saturday,215.70934959349594
television,1,Thursday,321.7098039215686
television,18,Friday,350.79672131147544
movies,3,Thursday,68.93394406943105
television,13,Saturday,395.3007334963325
anime,18,Monday,62.16803278688525
anime,13,Monday,98.45158597662771
television,19,Thursday,236.79064587973275
anime,2,Tuesday,24.67910131411615
movies,19,Wednesday,115.07295251204404
anime,21,Monday,39.0812746151092
television,12,Monday,420.50372208436727
movies,14,Thursday,363.49962908011867
anime,19,Tuesday,31.926172019195274
television,11,Thursday,274.84366576819406
television,5,Saturday,120.43097643097643
television,11,Saturday,323.6462093862816
television,19,Friday,264.33914053426247
movies,4,Saturday,55.4945780292315
anime,4,Friday,40.79477947794779
television,10,Sunday,294.81509433962265
anime,15,Sunday,108.91686300908785
anime,18,Sunday,37.78987935656836
television,18,Thursday,322.71560574948666
movies,11,Wednesday,112.29851632047477
television,21,Monday,295.6853448275862
movies,13,Sunday,256.7176294820717
anime,16,Sunday,123.86380409258638
television,7,Sunday,242.45955882352942
anime,22,Thursday,38.57012195121951
television,0,Friday,233.62234042553192
anime,16,Friday,113.96913580246914
anime,10,Friday,113.34766254701773
television,7,Thursday,137.35379061371842
movies,17,Saturday,219.5864884929473
television,4,Sunday,241.25
television,5,Sunday,286.3948220064725
television,3,Thursday,238.78863636363636
television,23,Wednesday,228.03793103448277
movies,23,Thursday,166.45028294260308
anime,17,Thursday,94.48802100426649
anime,1,Saturday,43.643175735950045
television,13,Monday,475.79349593495937
movies,4,Wednesday,71.27104208416834
television,9,Saturday,150.1271186440678
movies,21,Wednesday,134.48778654641112
anime,21,Wednesday,24.786194029850748
movies,0,Wednesday,97.90486439948343
movies,12,Wednesday,322.46016343207356
television,14,Thursday,437.35599078341016
anime,2,Monday,26.232072498029943
movies,8,Monday,116.23609314359638
anime,6,Wednesday,42.79097510373444
anime,23,Friday,62.51298701298701
television,0,Monday,275.3
television,23,Friday,321.7159468438538
anime,12,Sunday,207.94809094809094
television,12,Friday,379.4557823129252
anime,12,Saturday,135.32197696737043
television,5,Thursday,81.92660550458716
television,8,Monday,190.44769874476987
television,6,Tuesday,92.86531986531986
movies,2,Monday,189.62620343239848
television,12,Saturday,451.0
anime,3,Tuesday,79.862480127186
movies,6,Tuesday,49.689798339264534
movies,12,Friday,158.80346820809248
television,2,Friday,236.947265625
television,3,Tuesday,203.03837471783297
anime,7,Tuesday,85.72875131164743
movies,12,Sunday,173.73514714047752
television,2,Sunday,335.29453681710214
television,8,Sunday,140.5609756097561
movies,5,Wednesday,26.502257336343114
television,12,Sunday,454.38690476190476
anime,4,Saturday,37.57324263038549
anime,15,Thursday,161.60738031914894
television,18,Saturday,380.19135802469134
anime,20,Friday,30.388345864661655
television,10,Friday,317.6798866855524
movies,3,Friday,92.48649928943628
television,12,Thursday,404.60334029227556
movies,13,Friday,320.0892780862879
television,4,Saturday,286.45762711864404
movies,20,Friday,177.73126978543792
anime,2,Wednesday,38.47161758429364
anime,17,Tuesday,47.75132275132275
anime,5,Monday,53.032097649186255
anime,14,Tuesday,116.55470543228768
television,15,Friday,426.571875
anime,23,Sunday,42.00404858299595
television,14,Saturday,556.1021416803953
television,2,Wednesday,272.231884057971
movies,2,Thursday,100.26576139670223
television,9,Thursday,217.0188679245283
anime,8,Wednesday,76.74028169014085
anime,17,Sunday,78.41539954707214
television,7,Saturday,242.40833333333333
television,9,Wednesday,157.34859154929578
anime,22,Sunday,31.399429386590583
movies,20,Wednesday,92.40879360465117
anime,1,Monday,79.1506293138449
television,6,Wednesday,160.59233449477352
anime,0,Wednesday,28.464436917866216
anime,0,Tuesday,45.70136655948553
anime,17,Friday,45.140994854202404
television,19,Sunday,377.1968810916179
movies,23,Wednesday,136.1495246326707
television,11,Monday,449.22324159021406
television,0,Thursday,209.10409556313994
anime,9,Wednesday,227.66218313502327
movies,17,Monday,215.5886524822695
anime,4,Sunday,38.97868638538495
anime,3,Sunday,86.96255319148936
anime,12,Tuesday,77.77752398355413
anime,19,Monday,38.759635599159076
television,15,Monday,356.212927756654
movies,17,Thursday,228.38235294117646
television,18,Monday,320.1644444444444
movies,6,Sunday,134.9082618025751
anime,13,Saturday,80.35392762577229
anime,20,Tuesday,34.17108608790411
television,8,Wednesday,98.85608856088561
television,6,Sunday,267.49477351916374
movies,1,Tuesday,161.455441302485
anime,23,Saturday,17.351635042389987
television,10,Wednesday,322.7569230769231
television,6,Saturday,121.29545454545455
television,17,Tuesday,268.4196342637151
movies,20,Monday,149.27301699716713
anime,1,Sunday,38.14438274241777
television,7,Friday,197.4224422442244
movies,5,Saturday,37.1973898858075
television,3,Sunday,260.3982808022923
anime,21,Friday,51.74211141410206
anime,13,Tuesday,64.86160520607375
television,14,Friday,445.370417193426
television,18,Wednesday,285.0696008188332
movies,0,Saturday,178.0251921434671
anime,9,Thursday,152.88980010251154
anime,14,Saturday,94.27447063523772
anime,12,Thursday,81.59038557836755
television,2,Monday,352.0251937984496
anime,11,Sunday,75.65928975810603
movies,14,Monday,264.19736373352333
anime,23,Thursday,33.96903669724771
movies,23,Saturday,136.07112970711296
television,20,Wednesday,325.82451612903225
anime,14,Wednesday,169.21383893666928
anime,14,Thursday,140.4198717948718
movies,20,Sunday,128.18213728549142
movies,22,Wednesday,122.06017418844023
movies,16,Tuesday,259.24070512820515
movies,11,Monday,170.15477497255762
anime,7,Monday,37.49441340782123
movies,16,Monday,215.35339987523395
anime,16,Monday,105.62346938775511
movies,2,Wednesday,114.57465437788018
anime,8,Tuesday,56.36543909348442
movies,19,Monday,188.50695683196574
movies,13,Saturday,138.67831813576495
movies,11,Thursday,188.51039910061832
movies,11,Tuesday,164.60559190957764
movies,0,Tuesday,144.26251632564214
movies,16,Thursday,257.618096723869
anime,14,Sunday,96.63053097345133
movies,9,Saturday,143.52597402597402
television,22,Thursday,345.73893805309734
anime,0,Monday,19.653783563873066
movies,6,Monday,11.710914454277287
movies,19,Thursday,202.97218259629102
movies,14,Tuesday,327.77777777777777
television,15,Sunday,420.63837638376384
movies,14,Friday,274.7244628722201
television,1,Monday,352.0329457364341
television,23,Thursday,333.00518134715026
movies,19,Sunday,147.86081747709656
movies,18,Friday,197.24121621621623
anime,13,Thursday,68.35607094133697
anime,15,Friday,94.69510045823053
television,16,Friday,315.03076923076924
movies,18,Tuesday,266.16610169491526
anime,10,Sunday,170.57958984375
anime,15,Wednesday,156.3903708523097
anime,22,Monday,51.53250773993808
anime,18,Saturday,68.5917038052794
television,15,Saturday,594.3839009287925
movies,7,Wednesday,62.31241565452092
television,14,Tuesday,504.28772378516624
movies,4,Friday,41.812437810945276
movies,13,Monday,437.06369691923396
anime,17,Wednesday,36.7829962290024
movies,5,Sunday,57.37051792828685
movies,23,Tuesday,209.2591810890671
movies,13,Wednesday,376.6441717791411
movies,22,Friday,114.59087332808812
anime,19,Sunday,41.93293091884641
television,0,Sunday,292.70602409638553
television,20,Saturday,255.91544117647058
movies,1,Sunday,123.32003325020781
movies,10,Tuesday,90.40426793123889
movies,20,Tuesday,180.8264554163596
movies,17,Sunday,214.2401140007125
anime,0,Friday,51.029256399837465
movies,4,Sunday,44.924860853432286
television,17,Monday,341.4168514412417
anime,6,Saturday,54.880757420675536
television,8,Friday,178.93617021276594
television,10,Tuesday,432.4577464788732
movies,2,Tuesday,56.4203821656051
anime,16,Tuesday,105.69488711819389
movies,23,Sunday,154.57643814026792
movies,14,Wednesday,408.80114244912534
movies,18,Wednesday,166.1498673740053
movies,20,Saturday,121.54826823876198
anime,13,Wednesday,75.88266776451215
movies,16,Friday,320.16688144329896
anime,4,Thursday,43.104645917907085
television,23,Tuesday,184.03298350824588
anime,2,Friday,56.10968294772922
television,10,Saturday,203.9003984063745
television,13,Thursday,454.38862559241704
movies,17,Friday,202.426763682379
television,15,Wednesday,420.29652996845425
movies,22,Saturday,86.39003831417625
television,16,Wednesday,292.82273603082854
television,10,Thursday,367.86046511627904
television,23,Saturday,391.6628701594533
movies,3,Monday,226.89757301522008
anime,21,Tuesday,46.1563184806428
movies,7,Thursday,45.985026041666664
anime,19,Saturday,71.83834722725625
movies,1,Monday,153.8424463345484
movies,10,Thursday,132.49394673123487
movies,7,Sunday,67.78593848085373
anime,18,Wednesday,61.60567375886525
movies,1,Saturday,91.22876949740035
television,1,Saturday,321.55900621118013
television,8,Saturday,334.95631067961165
movies,3,Sunday,55.22886232846392
movies,7,Friday,71.54645873944119
anime,17,Monday,64.41035058430718
television,20,Monday,347.7810026385224
anime,19,Wednesday,38.86492374727669
movies,3,Saturday,112.75087565674255
anime,7,Wednesday,29.781923279033105
anime,23,Wednesday,48.292090837901334
television,17,Thursday,259.8144424131627
television,20,Friday,287.67457180500656
movies,14,Saturday,202.22816166883965
anime,7,Saturday,62.86031265758951
movies,12,Tuesday,247.5952380952381
anime,3,Saturday,81.29695652173913
movies,14,Sunday,192.28254499790708
television,19,Saturday,285.43430656934305
television,12,Tuesday,346.4572127139364
anime,2,Saturday,46.21671693235674
movies,5,Thursday,48.78297632468997
television,14,Wednesday,457.6685082872928
movies,5,Tuesday,56.727221597300336
anime,15,Monday,103.26278600269178
movies,8,Thursday,93.98525641025641
television,2,Thursday,229.0212765957447
anime,18,Tuesday,53.37074583635047
movies,0,Thursday,102.47899910634496
movies,15,Tuesday,237.7680763983629
movies,3,Wednesday,102.17263843648209
television,8,Thursday,144.47908745247148
anime,9,Sunday,99.80555555555556
anime,16,Wednesday,112.65965263861055
television,15,Thursday,491.1881838074398
anime,14,Monday,84.22739515198153
movies,4,Thursday,43.27190170940171
movies,0,Monday,113.47384349329874
television,15,Tuesday,372.6170763260026
television,19,Wednesday,347.71677559912854
movies,18,Saturday,113.87342709104367
television,19,Tuesday,305.5098039215686
movies,22,Sunday,57.87627651217596
movies,21,Monday,106.90718105423987
anime,3,Wednesday,59.56521739130435
anime,16,Thursday,87.96691176470588
anime,8,Friday,88.48755656108597
television,4,Monday,327.1910994764398
movies,21,Tuesday,135.40431066518022
television,4,Thursday,147.23834196891193
television,1,Sunday,348.65581395348835
anime,10,Monday,120.99504678040726
anime,8,Thursday,112.48533640023001
movies,10,Saturday,95.04308093994779
movies,6,Friday,102.66588921282799
anime,11,Monday,95.60119370591427
anime,11,Tuesday,92.30227518959913
anime,21,Sunday,45.86429291232785
television,20,Tuesday,291.50506329113927
anime,23,Tuesday,74.05383423702555
movies,0,Sunday,99.31564019448946
television,17,Sunday,408.59507042253523
anime,7,Friday,66.92189218921892
anime,0,Sunday,37.8924154987634
anime,11,Saturday,175.2033622559653
television,14,Sunday,471.8548672566372
anime,18,Friday,88.76755282890252
anime,1,Tuesday,71.56176961602671
television,22,Sunday,363.96494845360826
movies,10,Monday,177.52682338758288
television,23,Sunday,210.5276595744681
movies,10,Friday,109.11359623307828
anime,13,Sunday,166.841376416282
television,16,Tuesday,434.38849646821393
anime,11,Wednesday,106.53438320209973
movies,21,Saturday,105.48330804248862
movies,15,Thursday,220.84440497335703
television,13,Friday,461.25531914893617
movies,7,Monday,89.97017766497461
television,7,Wednesday,123.49640287769785
anime,0,Thursday,33.201046663759264
television,9,Sunday,148.97356828193833
television,13,Tuesday,664.1729452054794
television,23,Monday,311.20975609756096
movies,22,Thursday,127.4331797235023
television,22,Tuesday,467.82091917591123
movies,15,Saturday,218.91617770326906
movies,16,Wednesday,294.0285714285714
anime,20,Monday,31.059449541284405
anime,3,Friday,96.22803030303031
anime,1,Thursday,80.51801405975395
television,21,Tuesday,260.35109289617486
movies,18,Sunday,114.45734265734266
television,22,Wednesday,241.08613728129205
movies,8,Tuesday,33.10674846625767
movies,12,Thursday,274.82404092071613
television,1,Tuesday,198.9625
movies,9,Wednesday,88.30321782178218
anime,10,Saturday,67.21848317428427
television,5,Tuesday,169.63483146067415
anime,1,Wednesday,47.399223133362106
movies,1,Wednesday,114.9610278372591
anime,23,Monday,20.410496338486574
anime,7,Thursday,43.78770661157025
anime,10,Tuesday,116.14739726027398
television,3,Wednesday,272.43908045977014
movies,19,Tuesday,155.66113989637304
anime,9,Friday,186.79943899018232
anime,5,Sunday,34.505930656934304
movies,18,Monday,117.4339559706471
anime,21,Saturday,51.3752688172043
television,16,Monday,413.3304157549234
movies,22,Monday,141.32497013142174
television,17,Wednesday,346.8159624413146
anime,5,Saturday,62.67683508102955
anime,22,Tuesday,31.63424408014572
anime,15,Tuesday,166.4529451591063
anime,7,Sunday,66.25434116445352
television,9,Tuesday,256.63793103448273
television,9,Monday,287.0986394557823
movies,6,Thursday,60.14736842105263
movies,12,Saturday,165.68269230769232
movies,7,Tuesday,139.26
anime,9,Monday,183.38156484458736
movies,20,Thursday,171.99179743223965
television,6,Friday,115.81699346405229
television,6,Thursday,179.25783972125436
television,7,Tuesday,191.0355871886121
anime,8,Monday,45.94957983193277
anime,5,Friday,47.47265625
movies,3,Tuesday,101.21020599250936
movies,5,Friday,45.84045881126173
television,20,Thursday,292.4386617100372
anime,21,Thursday,48.4672
anime,6,Thursday,44.307409353652126
television,8,Tuesday,316.96525096525096
anime,11,Friday,106.47494887525562
movies,9,Monday,89.5875533862111
television,21,Sunday,262.5414364640884
anime,2,Sunday,46.16748212269477
television,18,Sunday,208.74021352313167
movies,21,Thursday,116.80623357116035
movies,2,Sunday,170.0066108417805
anime,12,Friday,202.17492416582405
anime,6,Tuesday,21.943740496705523
movies,11,Friday,205.39220462850182
movies,23,Friday,116.19951338199513
movies,2,Friday,94.50689511073966
television,21,Thursday,447.55115089514067
anime,4,Tuesday,48.51413658112223
anime,20,Thursday,36.67144473783478
television,4,Tuesday,138.10148514851485
television,5,Friday,254.19672131147541
television,11,Friday,337.4593837535014
anime,5,Thursday,50.06116642958748
anime,8,Sunday,61.51500535905681
movies,8,Sunday,56.13096623981374
television,5,Wednesday,71.09941520467837
anime,5,Wednesday,27.07358490566038
