,day_of_month,subreddit,average_score
0,30,Animesuggest,14.378312070657508
1,6,MovieSuggestions,10.745387453874539
2,5,television,329.2340425531915
3,11,anime,77.01244040524433
4,22,Animesuggest,15.270386266094421
5,11,televisionsuggestions,7.072463768115942
6,13,MovieSuggestions,10.207946336429309
7,20,television,342.74793103448275
8,7,television,338.1347115705235
9,24,televisionsuggestions,7.447470817120623
10,5,anime,73.36546184738955
11,28,anime,77.37210194994626
12,21,televisionsuggestions,7.151394422310757
13,1,Animesuggest,13.659827656955272
14,21,MovieSuggestions,10.099950763170852
15,11,Animesuggest,12.272423863162286
16,6,movies,143.33694431070455
17,15,movies,163.67151767151768
18,19,Animesuggest,13.560717196414018
19,20,Animesuggest,13.881984987489574
20,22,anime,71.36203839333899
21,31,anime,74.84508278976418
22,29,televisionsuggestions,6.902127659574468
23,4,Animesuggest,14.947607260726073
24,20,MovieSuggestions,11.312564366632337
25,2,MovieSuggestions,9.696576763485478
26,25,televisionsuggestions,7.230188679245283
27,21,movies,149.61753333859386
28,23,Animesuggest,13.450591216216216
29,24,MovieSuggestions,10.106045081967213
30,1,televisionsuggestions,8.123595505617978
31,16,televisionsuggestions,7.438405797101449
32,12,movies,151.04364539120687
33,14,movies,154.89328950533152
34,31,televisionsuggestions,8.368421052631579
35,9,movies,174.43757546486356
36,17,televisionsuggestions,7.2272727272727275
37,20,movies,135.1220396326728
38,16,movies,154.64470756516212
39,3,MovieSuggestions,10.556459816887081
40,27,televisionsuggestions,7.39426523297491
41,8,anime,72.07032602423543
42,29,television,296.05027068832175
43,12,anime,71.62724973969954
44,26,television,331.26828371922085
45,25,Animesuggest,14.039930555555555
46,25,television,354.26082438517494
47,25,anime,82.68471193104492
48,8,televisionsuggestions,8.078498293515358
49,27,movies,162.42630545740087
50,13,televisionsuggestions,8.181451612903226
51,30,televisionsuggestions,8.196581196581196
52,28,televisionsuggestions,8.6875
53,26,movies,172.12941719916853
54,18,movies,152.51407994821167
55,20,anime,73.94025993767576
56,18,televisionsuggestions,7.656826568265683
57,26,televisionsuggestions,7.220149253731344
58,9,anime,70.54193454120397
59,19,anime,79.48307668851959
60,2,anime,66.62495288352808
61,31,MovieSuggestions,10.782383419689118
62,2,movies,124.88910521619209
63,7,MovieSuggestions,10.080829015544042
64,4,MovieSuggestions,9.982314300151591
65,21,Animesuggest,12.161649484536083
66,23,MovieSuggestions,10.229113275243465
67,22,television,313.0528469144221
68,7,anime,72.2378231890427
69,2,television,304.69748470428283
70,15,Animesuggest,14.456780008193363
71,30,television,331.4041514041514
72,3,television,315.2129963898917
73,23,televisionsuggestions,7.27208480565371
74,28,movies,153.26819207720445
75,14,anime,77.20758206195099
76,6,television,321.18684759916493
77,12,MovieSuggestions,10.462784810126582
78,27,television,303.80179868557593
79,13,Animesuggest,14.55331523846452
80,26,MovieSuggestions,10.408770161290322
81,24,movies,166.60102831709003
82,5,Animesuggest,12.332416502946955
83,6,televisionsuggestions,7.784232365145228
84,23,movies,148.35933014354066
85,29,MovieSuggestions,9.141133263378803
86,16,television,336.87852921864743
87,31,television,305.027502750275
88,9,MovieSuggestions,10.279835390946502
89,8,MovieSuggestions,10.966489361702127
90,4,anime,75.38025738730319
91,7,televisionsuggestions,8.014440433212997
92,14,Animesuggest,13.435667752442997
93,30,anime,70.7475463002475
94,6,Animesuggest,14.952380952380953
95,13,television,350.7093813732155
96,8,movies,166.76813204253293
97,15,televisionsuggestions,7.21830985915493
98,3,televisionsuggestions,8.148854961832061
99,8,television,308.1616806722689
100,23,anime,69.00223886358373
101,29,Animesuggest,12.702502316960148
102,27,MovieSuggestions,10.64221635883905
103,14,television,320.71190951430475
104,30,movies,133.0218674071503
105,5,televisionsuggestions,8.236363636363636
106,15,television,292.06545327266366
107,17,Animesuggest,14.028018129377832
108,16,anime,70.77079706305352
109,1,television,320.57606894265825
110,26,Animesuggest,13.602168473728106
111,19,televisionsuggestions,6.6461538461538465
112,28,MovieSuggestions,10.700210748155953
113,12,Animesuggest,13.214025131738953
114,22,televisionsuggestions,7.680497925311204
115,22,MovieSuggestions,10.440085975282106
116,23,television,313.62975429148435
117,17,anime,78.52013293144756
118,17,television,323.98427887901573
119,30,MovieSuggestions,9.668911335578002
120,27,anime,74.51578053862181
121,11,movies,163.30814048908584
122,3,Animesuggest,12.902109033028253
123,3,anime,70.67070476733414
124,18,anime,79.21768864299985
125,21,anime,77.4840716587962
126,1,anime,70.93044765075841
127,17,MovieSuggestions,10.542311661506709
128,26,anime,78.05669103386543
129,9,Animesuggest,12.967990275526743
130,16,Animesuggest,13.020765472312704
131,27,Animesuggest,13.31864406779661
132,5,movies,146.64345873104998
133,17,movies,150.14500284160104
134,28,television,327.39181286549706
135,24,television,313.1345442314161
136,9,televisionsuggestions,6.689781021897811
137,19,movies,158.8311004784689
138,18,Animesuggest,13.216170212765958
139,2,televisionsuggestions,7.799212598425197
140,6,anime,80.30964356002625
141,12,televisionsuggestions,7.596774193548387
142,3,movies,153.3433650268706
143,1,movies,183.07700148984551
144,19,MovieSuggestions,9.831088082901555
145,7,movies,161.9695889760038
146,4,television,323.2810231593502
147,31,movies,130.86181723373744
148,20,televisionsuggestions,7.543478260869565
149,24,anime,79.5468640979921
150,11,television,306.7062073448164
151,9,television,305.8406498444521
152,4,movies,173.79753046038107
153,15,MovieSuggestions,10.08098223615465
154,18,television,307.0890365448505
155,12,television,347.7478877999324
156,24,Animesuggest,13.756832797427652
157,8,Animesuggest,11.917104731095835
158,25,movies,136.4447900466563
159,4,televisionsuggestions,7.706611570247934
160,16,MovieSuggestions,10.044363256784969
161,1,MovieSuggestions,9.938918918918919
162,2,Animesuggest,13.620745542949757
163,25,MovieSuggestions,10.29324462640737
164,7,Animesuggest,12.96622152395915
165,19,television,323.9924017178725
166,5,MovieSuggestions,9.853938445487742
167,31,Animesuggest,14.26759581881533
168,29,movies,155.6871144321835
169,28,Animesuggest,13.709278350515463
170,18,MovieSuggestions,10.21763506625892
171,13,movies,178.44245889921373
172,11,MovieSuggestions,10.338838572189664
173,13,anime,75.64553686934023
174,21,television,331.50049067713445
175,15,anime,75.45666590441344
176,22,movies,168.8950665622553
177,29,anime,71.7263955892488
178,14,MovieSuggestions,10.93611404435058
179,10,Animesuggest,13.745917960971724
180,10,anime,74.77812781278128
181,10,MovieSuggestions,10.239019407558734
182,10,television,297.5385826771654
183,10,movies,143.3658848955415
184,10,televisionsuggestions,7.734848484848484
185,14,televisionsuggestions,7.2094017094017095
