subreddit,year,month,average_score
movies,2021,5,92.46727404587072
movies,2021,10,153.31222485607856
television,2021,3,326.3586521987436
television,2021,6,278.5865019011407
anime,2021,9,71.18142039717267
television,2021,7,317.0394736842105
anime,2021,11,73.64954381660661
movies,2021,6,94.09434323148281
anime,2021,5,76.54447121546112
movies,2021,11,137.37378399488745
anime,2021,10,75.65115973454235
anime,2021,8,69.77001127395715
movies,2021,12,119.85564542219346
television,2021,4,334.8437964891401
anime,2021,3,75.2238120054958
movies,2021,4,103.05983768169105
movies,2021,8,163.04338364338363
television,2021,11,268.8965517241379
movies,2021,2,148.40551962604854
anime,2021,7,71.8894794520548
movies,2021,1,169.98226248963186
television,2021,2,326.0055111600992
anime,2021,6,77.94351440610409
television,2021,1,376.81611158553943
anime,2021,2,67.38417266187051
movies,2021,3,113.46677922789084
anime,2021,1,66.66537870472008
anime,2021,12,82.40095008508224
anime,2021,4,78.6601126276606
television,2021,9,291.0611820611821
television,2021,5,254.82856348985828
television,2021,8,311.3649491302921
movies,2021,9,161.02226079082402
television,2021,10,333.19675324675325
movies,2021,7,165.6981678615396
television,2021,12,325.94294395678594
anime,2022,5,75.48284595901451
anime,2022,4,77.02574858961377
television,2022,1,285.86097498065516
movies,2022,4,225.66741163810943
movies,2022,2,181.39774436090227
television,2022,4,311.5793403858121
movies,2022,5,199.70923887912699
television,2022,7,337.5449960180515
anime,2022,6,78.49744449099288
television,2022,2,338.6589693044213
anime,2022,1,71.19657730348777
television,2022,6,344.1712598425197
anime,2022,7,73.65896993238383
movies,2022,1,131.7502423263328
movies,2022,7,182.71487703920135
television,2022,5,373.92139334155365
movies,2022,6,188.76498365419542
anime,2022,2,75.69342309684102
anime,2022,8,67.9306115990189
anime,2022,3,80.0915976995371
movies,2022,8,196.6088485443245
movies,2022,3,189.37454160215142
television,2022,8,323.28267933016747
television,2022,12,324.8950345694532
television,2022,3,392.5851829634073
movies,2022,12,179.21072247706422
anime,2022,12,81.4207809507951
anime,2022,9,80.10411433521004
anime,2022,10,80.56801485428272
television,2022,9,344.45533141210376
movies,2022,10,175.6025502873563
movies,2022,9,206.56784688995216
television,2022,10,345.9188838416613
movies,2022,11,186.66984900146127
television,2022,11,379.45419404715886
anime,2022,11,78.29295292952929
television,2023,1,269.94732641660016
anime,2023,1,68.03014747820419
movies,2023,2,162.4702416028285
anime,2023,3,77.39721126502155
movies,2023,1,172.1493871887767
television,2023,3,306.4992816091954
movies,2023,3,209.09217360683158
anime,2023,2,71.30111380145279
television,2023,2,238.44519333096844
